split,filename,original_label,visual_trend_label,slope
train,QQQ_0.png,Up,Down,0.0367
train,QQQ_10.png,Up,Down,0.0552
train,QQQ_101.png,Up,Down,0.3737
train,QQQ_102.png,Up,Down,0.1188
train,QQQ_103.png,Up,Up,-0.4397
train,QQQ_105.png,Up,Down,0.0389
train,QQQ_106.png,Up,Up,-0.2524
train,QQQ_107.png,Up,Down,0.3625
train,QQQ_109.png,Up,Down,0.3149
train,QQQ_11.png,Up,Up,-0.5018
train,QQQ_110.png,Up,Down,0.4574
train,QQQ_111.png,Up,Up,-0.6048
train,QQQ_114.png,Up,Down,0.2363
train,QQQ_116.png,Up,Up,-0.187
train,QQQ_119.png,Up,Down,0.2106
train,QQQ_12.png,Up,Up,-0.4859
train,QQQ_120.png,Up,Up,-0.535
train,QQQ_121.png,Up,Up,-0.6051
train,QQQ_124.png,Up,Down,0.3902
train,QQQ_126.png,Up,Down,0.1902
train,QQQ_13.png,Up,Down,0.2694
train,QQQ_130.png,Up,Down,0.0081
train,QQQ_132.png,Up,Down,0.1172
train,QQQ_136.png,Up,Up,-0.2593
train,QQQ_137.png,Up,Up,-0.1566
train,QQQ_140.png,Up,Down,0.4666
train,QQQ_141.png,Up,Up,-0.2887
train,QQQ_142.png,Up,Up,-0.4552
train,QQQ_143.png,Up,Up,-0.315
train,QQQ_147.png,Up,Down,0.5849
train,QQQ_148.png,Up,Up,-0.2492
train,QQQ_15.png,Up,Down,0.0735
train,QQQ_154.png,Up,Up,-0.2999
train,QQQ_155.png,Up,Up,-0.5396
train,QQQ_158.png,Up,Down,0.4882
train,QQQ_159.png,Up,Up,-0.6086
train,QQQ_16.png,Up,Up,-0.5752
train,QQQ_162.png,Up,Down,0.3738
train,QQQ_164.png,Up,Down,0.3474
train,QQQ_165.png,Up,Down,0.4881
train,QQQ_166.png,Up,Up,-0.5044
train,QQQ_167.png,Up,Up,-0.6504
train,QQQ_168.png,Up,Up,-0.4619
train,QQQ_169.png,Up,Up,-0.1542
train,QQQ_172.png,Up,Down,0.5719
train,QQQ_173.png,Up,Down,0.3647
train,QQQ_174.png,Up,Up,-0.1709
train,QQQ_175.png,Up,Down,0.1542
train,QQQ_176.png,Up,Up,-0.2643
train,QQQ_180.png,Up,Down,0.7139
train,QQQ_184.png,Up,Down,0.6375
train,QQQ_186.png,Up,Down,0.0544
train,QQQ_187.png,Up,Up,-0.1205
train,QQQ_188.png,Up,Up,-0.0445
train,QQQ_19.png,Up,Up,-0.4278
train,QQQ_190.png,Up,Up,-0.4059
train,QQQ_191.png,Up,Up,-0.1127
train,QQQ_192.png,Up,Down,0.0718
train,QQQ_196.png,Up,Up,-0.2653
train,QQQ_197.png,Up,Down,0.2613
train,QQQ_2.png,Up,Down,0.5227
train,QQQ_20.png,Up,Up,-0.0504
train,QQQ_200.png,Up,Down,0.6779
train,QQQ_202.png,Up,Down,0.1914
train,QQQ_203.png,Up,Up,-0.3748
train,QQQ_208.png,Up,Down,0.1928
train,QQQ_209.png,Up,Up,-0.5158
train,QQQ_212.png,Up,Up,-0.3206
train,QQQ_213.png,Up,Up,-0.2609
train,QQQ_214.png,Up,Up,-0.5693
train,QQQ_216.png,Up,Up,-0.0077
train,QQQ_218.png,Up,Down,0.3321
train,QQQ_219.png,Up,Up,-0.4373
train,QQQ_22.png,Up,Down,0.1205
train,QQQ_220.png,Up,Down,0.5224
train,QQQ_224.png,Up,Up,-0.2257
train,QQQ_226.png,Up,Down,0.0591
train,QQQ_228.png,Up,Down,0.3764
train,QQQ_229.png,Up,Up,-0.3674
train,QQQ_23.png,Up,Up,-0.2454
train,QQQ_231.png,Up,Down,0.2287
train,QQQ_232.png,Up,Down,0.4332
train,QQQ_234.png,Up,Down,0.168
train,QQQ_236.png,Up,Up,-0.3658
train,QQQ_24.png,Up,Up,-0.4248
train,QQQ_240.png,Up,Down,0.4598
train,QQQ_243.png,Up,Down,0.4858
train,QQQ_244.png,Up,Up,-0.1356
train,QQQ_246.png,Up,Down,0.2854
train,QQQ_248.png,Up,Up,-0.2416
train,QQQ_25.png,Up,Down,0.2555
train,QQQ_251.png,Up,Up,-0.4485
train,QQQ_252.png,Up,Up,-0.3824
train,QQQ_253.png,Up,Up,-0.4995
train,QQQ_254.png,Up,Up,-0.3147
train,QQQ_255.png,Up,Up,-0.0151
train,QQQ_256.png,Up,Up,-0.3209
train,QQQ_258.png,Up,Down,0.3995
train,QQQ_259.png,Up,Down,0.4759
train,QQQ_260.png,Up,Up,-0.5816
train,QQQ_261.png,Up,Up,-0.4225
train,QQQ_262.png,Up,Down,0.3024
train,QQQ_263.png,Up,Down,0.3419
train,QQQ_265.png,Up,Down,0.3755
train,QQQ_266.png,Up,Up,-0.5076
train,QQQ_267.png,Up,Down,0.4372
train,QQQ_269.png,Up,Down,0.3602
train,QQQ_27.png,Up,Down,0.3956
train,QQQ_270.png,Up,Up,-0.1524
train,QQQ_271.png,Up,Up,-0.6226
train,QQQ_274.png,Up,Down,0.0966
train,QQQ_275.png,Up,Up,-0.2194
train,QQQ_276.png,Up,Up,-0.6228
train,QQQ_277.png,Up,Up,-0.3616
train,QQQ_278.png,Up,Up,-0.395
train,QQQ_281.png,Up,Down,0.5357
train,QQQ_282.png,Up,Up,-0.0449
train,QQQ_284.png,Up,Down,0.5538
train,QQQ_285.png,Up,Up,-0.1597
train,QQQ_288.png,Up,Down,0.3205
train,QQQ_289.png,Up,Up,-0.565
train,QQQ_290.png,Up,Up,-0.4284
train,QQQ_291.png,Up,Up,-0.4223
train,QQQ_292.png,Up,Up,-0.4035
train,QQQ_294.png,Up,Up,-0.1206
train,QQQ_295.png,Up,Up,-0.5409
train,QQQ_296.png,Up,Up,-0.3415
train,QQQ_297.png,Up,Up,-0.5253
train,QQQ_298.png,Up,Down,0.1482
train,QQQ_299.png,Up,Up,-0.2998
train,QQQ_3.png,Up,Down,0.2535
train,QQQ_30.png,Up,Down,0.4216
train,QQQ_300.png,Up,Down,0.1098
train,QQQ_302.png,Up,Down,0.2262
train,QQQ_304.png,Up,Down,0.0637
train,QQQ_305.png,Up,Up,-0.0359
train,QQQ_308.png,Up,Down,0.4763
train,QQQ_309.png,Up,Up,-0.5032
train,QQQ_31.png,Up,Up,-0.393
train,QQQ_310.png,Up,Down,0.3019
train,QQQ_314.png,Up,Down,0.1936
train,QQQ_316.png,Up,Up,-0.1846
train,QQQ_319.png,Up,Down,0.4901
train,QQQ_321.png,Up,Down,0.3869
train,QQQ_322.png,Up,Up,-0.5303
train,QQQ_323.png,Up,Up,-0.5663
train,QQQ_324.png,Up,Up,-0.5467
train,QQQ_325.png,Up,Up,-0.4637
train,QQQ_326.png,Up,Up,-0.3142
train,QQQ_327.png,Up,Up,-0.6298
train,QQQ_33.png,Up,Up,-0.2739
train,QQQ_332.png,Up,Up,-0.1565
train,QQQ_333.png,Up,Up,-0.3869
train,QQQ_334.png,Up,Down,0.2562
train,QQQ_335.png,Up,Down,0.3507
train,QQQ_336.png,Up,Down,0.0531
train,QQQ_337.png,Up,Up,-0.5724
train,QQQ_339.png,Up,Up,-0.2589
train,QQQ_344.png,Up,Up,-0.0003
train,QQQ_347.png,Up,Up,-0.4616
train,QQQ_349.png,Up,Down,0.0156
train,QQQ_35.png,Up,Up,-0.1453
train,QQQ_350.png,Up,Up,-0.2075
train,QQQ_351.png,Up,Up,-0.4256
train,QQQ_352.png,Up,Down,0.1772
train,QQQ_353.png,Up,Up,-0.2197
train,QQQ_354.png,Up,Up,-0.0736
train,QQQ_355.png,Up,Up,-0.4643
train,QQQ_357.png,Up,Down,0.2094
train,QQQ_359.png,Up,Down,0.3986
train,QQQ_36.png,Up,Up,-0.4543
train,QQQ_361.png,Up,Down,0.2176
train,QQQ_364.png,Up,Up,-0.5881
train,QQQ_365.png,Up,Up,-0.4937
train,QQQ_366.png,Up,Down,0.0909
train,QQQ_367.png,Up,Up,-0.5702
train,QQQ_369.png,Up,Up,-0.2867
train,QQQ_371.png,Up,Down,0.2045
train,QQQ_372.png,Up,Up,-0.3196
train,QQQ_374.png,Up,Down,0.5355
train,QQQ_375.png,Up,Up,-0.6308
train,QQQ_379.png,Up,Down,0.5153
train,QQQ_38.png,Up,Down,0.2017
train,QQQ_381.png,Up,Up,-0.0778
train,QQQ_382.png,Up,Up,-0.6218
train,QQQ_383.png,Up,Up,-0.5502
train,QQQ_384.png,Up,Up,-0.3394
train,QQQ_385.png,Up,Up,-0.256
train,QQQ_387.png,Up,Down,0.5762
train,QQQ_388.png,Up,Up,-0.6768
train,QQQ_392.png,Up,Down,0.4784
train,QQQ_393.png,Up,Up,-0.5728
train,QQQ_394.png,Up,Up,-0.4711
train,QQQ_396.png,Up,Down,0.5402
train,QQQ_397.png,Up,Up,-0.2715
train,QQQ_398.png,Up,Down,0.1984
train,QQQ_399.png,Up,Up,-0.0601
train,QQQ_400.png,Up,Up,-0.4152
train,QQQ_402.png,Up,Down,0.6069
train,QQQ_404.png,Up,Up,-0.4319
train,QQQ_406.png,Up,Down,0.1962
train,QQQ_410.png,Up,Down,0.3934
train,QQQ_414.png,Up,Up,-0.1145
train,QQQ_416.png,Up,Down,0.3632
train,QQQ_417.png,Up,Up,-0.4177
train,QQQ_418.png,Up,Up,-0.7236
train,QQQ_419.png,Up,Down,0.4229
train,QQQ_420.png,Up,Up,-0.4274
train,QQQ_425.png,Up,Down,0.6475
train,QQQ_426.png,Up,Up,-0.3972
train,QQQ_427.png,Up,Up,-0.2006
train,QQQ_428.png,Up,Up,-0.2553
train,QQQ_429.png,Up,Up,-0.1147
train,QQQ_43.png,Up,Down,0.4336
train,QQQ_431.png,Up,Down,0.4402
train,QQQ_432.png,Up,Down,0.1613
train,QQQ_435.png,Up,Up,-0.1369
train,QQQ_436.png,Up,Up,-0.4681
train,QQQ_437.png,Up,Up,-0.5159
train,QQQ_439.png,Up,Down,0.3036
train,QQQ_440.png,Up,Down,0.2647
train,QQQ_441.png,Up,Up,-0.3082
train,QQQ_442.png,Up,Down,0.2468
train,QQQ_444.png,Up,Down,0.0533
train,QQQ_446.png,Up,Up,-0.0169
train,QQQ_448.png,Up,Up,-0.3307
train,QQQ_449.png,Up,Up,-0.3425
train,QQQ_45.png,Up,Down,0.1363
train,QQQ_450.png,Up,Up,-0.2105
train,QQQ_451.png,Up,Up,-0.6446
train,QQQ_452.png,Up,Up,-0.1921
train,QQQ_453.png,Up,Down,0.2645
train,QQQ_455.png,Up,Up,-0.1265
train,QQQ_456.png,Up,Up,-0.6355
train,QQQ_457.png,Up,Down,0.1114
train,QQQ_459.png,Up,Down,0.5437
train,QQQ_46.png,Up,Up,-0.2815
train,QQQ_460.png,Up,Down,0.3714
train,QQQ_461.png,Up,Up,-0.6503
train,QQQ_462.png,Up,Down,0.0548
train,QQQ_464.png,Up,Down,0.0917
train,QQQ_466.png,Up,Down,0.4224
train,QQQ_467.png,Up,Up,-0.592
train,QQQ_468.png,Up,Down,0.1075
train,QQQ_471.png,Up,Down,0.5539
train,QQQ_473.png,Up,Up,-0.5998
train,QQQ_476.png,Up,Up,-0.3609
train,QQQ_477.png,Up,Up,-0.0114
train,QQQ_479.png,Up,Down,0.3062
train,QQQ_481.png,Up,Down,0.0084
train,QQQ_482.png,Up,Up,-0.3386
train,QQQ_483.png,Up,Up,-0.3744
train,QQQ_485.png,Up,Down,0.5121
train,QQQ_486.png,Up,Up,-0.601
train,QQQ_487.png,Up,Down,0.0593
train,QQQ_489.png,Up,Up,-0.2897
train,QQQ_491.png,Up,Up,-0.0877
train,QQQ_495.png,Up,Down,0.5029
train,QQQ_497.png,Up,Down,0.425
train,QQQ_498.png,Up,Up,-0.3698
train,QQQ_5.png,Up,Down,0.2432
train,QQQ_50.png,Up,Down,0.4888
train,QQQ_501.png,Up,Up,-0.3968
train,QQQ_502.png,Up,Up,-0.3403
train,QQQ_52.png,Up,Up,-0.2762
train,QQQ_53.png,Up,Up,-0.2284
train,QQQ_54.png,Up,Down,0.1172
train,QQQ_57.png,Up,Down,0.2231
train,QQQ_58.png,Up,Down,0.2501
train,QQQ_59.png,Up,Down,0.1959
train,QQQ_6.png,Up,Up,-0.0687
train,QQQ_61.png,Up,Down,0.4396
train,QQQ_64.png,Up,Up,-0.4204
train,QQQ_66.png,Up,Up,-0.1655
train,QQQ_67.png,Up,Up,-0.386
train,QQQ_7.png,Up,Up,-0.2727
train,QQQ_71.png,Up,Down,0.4817
train,QQQ_73.png,Up,Down,0.0487
train,QQQ_74.png,Up,Up,-0.3337
train,QQQ_78.png,Up,Down,0.5766
train,QQQ_82.png,Up,Down,0.4274
train,QQQ_85.png,Up,Down,0.1991
train,QQQ_89.png,Up,Down,0.2699
train,QQQ_90.png,Up,Up,-0.6301
train,QQQ_92.png,Up,Up,-0.0373
train,QQQ_95.png,Up,Down,0.296
train,QQQ_98.png,Up,Down,0.1651
train,SPY_1.png,Up,Up,-0.0476
train,SPY_10.png,Up,Down,0.1075
train,SPY_100.png,Up,Up,-0.1539
train,SPY_101.png,Up,Up,-0.2885
train,SPY_103.png,Up,Down,0.4303
train,SPY_104.png,Up,Up,-0.1148
train,SPY_105.png,Up,Down,0.259
train,SPY_106.png,Up,Up,-0.4183
train,SPY_107.png,Up,Up,-0.6396
train,SPY_108.png,Up,Up,-0.3242
train,SPY_109.png,Up,Up,-0.0244
train,SPY_11.png,Up,Down,0.0316
train,SPY_110.png,Up,Down,0.3519
train,SPY_111.png,Up,Up,-0.4681
train,SPY_112.png,Up,Up,-0.2738
train,SPY_113.png,Up,Up,-0.6191
train,SPY_114.png,Up,Down,0.4106
train,SPY_115.png,Up,Down,0.2887
train,SPY_116.png,Up,Down,0.1173
train,SPY_117.png,Up,Down,0.0297
train,SPY_119.png,Up,Down,0.2622
train,SPY_12.png,Up,Up,-0.3422
train,SPY_120.png,Up,Up,-0.2493
train,SPY_121.png,Up,Up,-0.5216
train,SPY_122.png,Up,Up,-0.4289
train,SPY_123.png,Up,Down,0.2578
train,SPY_125.png,Up,Up,-0.3449
train,SPY_126.png,Up,Up,-0.6296
train,SPY_127.png,Up,Up,-0.4624
train,SPY_128.png,Up,Up,-0.2335
train,SPY_129.png,Up,Down,0.4853
train,SPY_13.png,Up,Up,-0.3947
train,SPY_130.png,Up,Up,-0.3561
train,SPY_132.png,Up,Up,-0.0043
train,SPY_133.png,Up,Down,0.394
train,SPY_134.png,Up,Down,0.4362
train,SPY_135.png,Up,Down,0.1829
train,SPY_136.png,Up,Up,-0.5566
train,SPY_138.png,Up,Down,0.3176
train,SPY_139.png,Up,Down,0.3418
train,SPY_140.png,Up,Down,0.5363
train,SPY_141.png,Up,Down,0.0735
train,SPY_143.png,Up,Down,0.4396
train,SPY_144.png,Up,Up,-0.643
train,SPY_146.png,Up,Up,-0.2679
train,SPY_148.png,Up,Up,-0.053
train,SPY_149.png,Up,Up,-0.0406
train,SPY_15.png,Up,Up,-0.0612
train,SPY_150.png,Up,Down,0.2288
train,SPY_151.png,Up,Down,0.002
train,SPY_152.png,Up,Up,-0.4703
train,SPY_153.png,Up,Down,0.145
train,SPY_155.png,Up,Up,-0.2646
train,SPY_156.png,Up,Down,0.086
train,SPY_157.png,Up,Down,0.0891
train,SPY_159.png,Up,Down,0.5874
train,SPY_16.png,Up,Up,-0.2775
train,SPY_160.png,Up,Down,0.067
train,SPY_161.png,Up,Down,0.1125
train,SPY_162.png,Up,Down,0.4748
train,SPY_164.png,Up,Down,0.4398
train,SPY_167.png,Up,Down,0.4299
train,SPY_169.png,Up,Down,0.4468
train,SPY_17.png,Up,Up,-0.5048
train,SPY_170.png,Up,Up,-0.6261
train,SPY_171.png,Up,Up,-0.0598
train,SPY_172.png,Up,Up,-0.5556
train,SPY_173.png,Up,Down,0.06
train,SPY_174.png,Up,Up,-0.4774
train,SPY_175.png,Up,Up,-0.3288
train,SPY_176.png,Up,Down,0.4916
train,SPY_178.png,Up,Down,0.5483
train,SPY_179.png,Up,Down,0.1512
train,SPY_181.png,Up,Down,0.2817
train,SPY_182.png,Up,Down,0.355
train,SPY_183.png,Up,Down,0.4105
train,SPY_184.png,Up,Down,0.4002
train,SPY_185.png,Up,Up,-0.4811
train,SPY_186.png,Up,Down,0.0597
train,SPY_187.png,Up,Up,-0.2507
train,SPY_189.png,Up,Down,0.0385
train,SPY_19.png,Up,Down,0.3217
train,SPY_190.png,Up,Up,-0.3727
train,SPY_191.png,Up,Up,-0.425
train,SPY_194.png,Up,Down,0.5035
train,SPY_195.png,Up,Up,-0.2032
train,SPY_196.png,Up,Up,-0.3701
train,SPY_197.png,Up,Down,0.3958
train,SPY_198.png,Up,Up,-0.486
train,SPY_199.png,Up,Down,0.3121
train,SPY_2.png,Up,Up,-0.6677
train,SPY_20.png,Up,Down,0.2153
train,SPY_200.png,Up,Down,0.0517
train,SPY_201.png,Up,Up,-0.4537
train,SPY_205.png,Up,Down,0.2494
train,SPY_206.png,Up,Down,0.0985
train,SPY_207.png,Up,Up,-0.4596
train,SPY_208.png,Up,Up,-0.1894
train,SPY_209.png,Up,Up,-0.2957
train,SPY_21.png,Up,Up,-0.4645
train,SPY_210.png,Up,Up,-0.3267
train,SPY_211.png,Up,Up,-0.5779
train,SPY_212.png,Up,Down,0.0536
train,SPY_213.png,Up,Down,0.4289
train,SPY_215.png,Up,Down,0.3451
train,SPY_216.png,Up,Up,-0.0239
train,SPY_217.png,Up,Down,0.563
train,SPY_218.png,Up,Up,-0.512
train,SPY_219.png,Up,Up,-0.1951
train,SPY_22.png,Up,Up,-0.4538
train,SPY_220.png,Up,Down,0.1827
train,SPY_221.png,Up,Up,-0.5471
train,SPY_222.png,Up,Down,0.25
train,SPY_223.png,Up,Down,0.4203
train,SPY_224.png,Up,Up,-0.1856
train,SPY_225.png,Up,Down,0.4359
train,SPY_226.png,Up,Up,-0.5889
train,SPY_228.png,Up,Up,-0.2819
train,SPY_231.png,Up,Down,0.3725
train,SPY_232.png,Up,Up,-0.4473
train,SPY_233.png,Up,Down,0.1567
train,SPY_235.png,Up,Down,0.5059
train,SPY_236.png,Up,Up,-0.5933
train,SPY_238.png,Up,Down,0.5693
train,SPY_239.png,Up,Up,-0.0557
train,SPY_24.png,Up,Down,0.103
train,SPY_240.png,Up,Down,0.3973
train,SPY_241.png,Up,Down,0.5977
train,SPY_242.png,Up,Down,0.3533
train,SPY_243.png,Up,Up,-0.4656
train,SPY_244.png,Up,Up,-0.5436
train,SPY_245.png,Up,Up,-0.071
train,SPY_246.png,Up,Down,0.2435
train,SPY_247.png,Up,Up,-0.5319
train,SPY_248.png,Up,Down,0.4242
train,SPY_249.png,Up,Down,0.4024
train,SPY_25.png,Up,Up,-0.0994
train,SPY_250.png,Up,Up,-0.3755
train,SPY_252.png,Up,Down,0.4214
train,SPY_253.png,Up,Up,-0.0338
train,SPY_254.png,Up,Down,0.3535
train,SPY_255.png,Up,Up,-0.2302
train,SPY_256.png,Up,Up,-0.248
train,SPY_257.png,Up,Up,-0.4803
train,SPY_258.png,Up,Up,-0.3346
train,SPY_259.png,Up,Down,0.3523
train,SPY_26.png,Up,Up,-0.4868
train,SPY_260.png,Up,Up,-0.4147
train,SPY_261.png,Up,Up,-0.5225
train,SPY_262.png,Up,Up,-0.0822
train,SPY_263.png,Up,Down,0.3005
train,SPY_264.png,Up,Down,0.2217
train,SPY_265.png,Up,Up,-0.3125
train,SPY_266.png,Up,Down,0.1055
train,SPY_268.png,Up,Down,0.5073
train,SPY_27.png,Up,Down,0.136
train,SPY_270.png,Up,Down,0.1549
train,SPY_271.png,Up,Down,0.3004
train,SPY_272.png,Up,Up,-0.0101
train,SPY_273.png,Up,Up,-0.0648
train,SPY_274.png,Up,Up,-0.5001
train,SPY_275.png,Up,Up,-0.4679
train,SPY_276.png,Up,Down,0.319
train,SPY_277.png,Up,Up,-0.1534
train,SPY_278.png,Up,Down,0.2528
train,SPY_279.png,Up,Down,0.1068
train,SPY_280.png,Up,Down,0.3886
train,SPY_282.png,Up,Down,0.2978
train,SPY_283.png,Up,Down,0.0087
train,SPY_284.png,Up,Down,0.0691
train,SPY_285.png,Up,Up,-0.5246
train,SPY_286.png,Up,Down,0.2834
train,SPY_287.png,Up,Down,0.1667
train,SPY_288.png,Up,Down,0.0425
train,SPY_29.png,Up,Down,0.0228
train,SPY_290.png,Up,Down,0.2042
train,SPY_291.png,Up,Up,-0.3796
train,SPY_293.png,Up,Down,0.5158
train,SPY_294.png,Up,Up,-0.3686
train,SPY_295.png,Up,Down,0.0296
train,SPY_296.png,Up,Up,-0.6905
train,SPY_297.png,Up,Down,0.0042
train,SPY_298.png,Up,Up,-0.134
train,SPY_299.png,Up,Up,-0.184
train,SPY_30.png,Up,Down,0.3838
train,SPY_300.png,Up,Up,-0.3597
train,SPY_301.png,Up,Down,0.3063
train,SPY_302.png,Up,Up,-0.5938
train,SPY_303.png,Up,Up,-0.0359
train,SPY_304.png,Up,Up,-0.271
train,SPY_305.png,Up,Down,0.5043
train,SPY_306.png,Up,Up,-0.0831
train,SPY_307.png,Up,Down,0.6251
train,SPY_308.png,Up,Up,-0.5017
train,SPY_309.png,Up,Down,0.0478
train,SPY_310.png,Up,Up,-0.2971
train,SPY_311.png,Up,Up,-0.4908
train,SPY_312.png,Up,Down,0.5014
train,SPY_313.png,Up,Up,-0.5494
train,SPY_314.png,Up,Up,-0.3935
train,SPY_316.png,Up,Down,0.4079
train,SPY_317.png,Up,Down,0.2407
train,SPY_318.png,Up,Down,0.5045
train,SPY_319.png,Up,Down,0.4318
train,SPY_32.png,Up,Up,-0.3251
train,SPY_320.png,Up,Up,-0.1424
train,SPY_321.png,Up,Up,-0.547
train,SPY_322.png,Up,Up,-0.5223
train,SPY_323.png,Up,Up,-0.0963
train,SPY_324.png,Up,Down,0.4638
train,SPY_325.png,Up,Up,-0.0617
train,SPY_326.png,Up,Down,0.2229
train,SPY_327.png,Up,Up,-0.2124
train,SPY_328.png,Up,Up,-0.5172
train,SPY_329.png,Up,Down,0.0866
train,SPY_33.png,Up,Down,0.2527
train,SPY_331.png,Up,Down,0.068
train,SPY_332.png,Up,Up,-0.2121
train,SPY_333.png,Up,Down,0.0093
train,SPY_334.png,Up,Up,-0.385
train,SPY_336.png,Up,Down,0.573
train,SPY_337.png,Up,Down,0.0907
train,SPY_338.png,Up,Down,0.2282
train,SPY_339.png,Up,Up,-0.4757
train,SPY_340.png,Up,Down,0.0343
train,SPY_341.png,Up,Up,-0.4805
train,SPY_342.png,Up,Up,-0.1212
train,SPY_343.png,Up,Up,-0.2615
train,SPY_344.png,Up,Up,-0.3575
train,SPY_345.png,Up,Up,-0.4784
train,SPY_346.png,Up,Down,0.1516
train,SPY_347.png,Up,Down,0.321
train,SPY_348.png,Up,Down,0.0191
train,SPY_349.png,Up,Down,0.4608
train,SPY_35.png,Up,Down,0.3901
train,SPY_350.png,Up,Down,0.0508
train,SPY_351.png,Up,Down,0.0464
train,SPY_353.png,Up,Down,0.5295
train,SPY_354.png,Up,Down,0.7083
train,SPY_355.png,Up,Down,0.1271
train,SPY_356.png,Up,Up,-0.0413
train,SPY_357.png,Up,Up,-0.4789
train,SPY_358.png,Up,Up,-0.4337
train,SPY_359.png,Up,Up,-0.1149
train,SPY_36.png,Up,Down,0.3161
train,SPY_360.png,Up,Up,-0.4284
train,SPY_361.png,Up,Down,0.3548
train,SPY_362.png,Up,Down,0.5384
train,SPY_363.png,Up,Up,-0.2506
train,SPY_365.png,Up,Down,0.0176
train,SPY_366.png,Up,Up,-0.6183
train,SPY_367.png,Up,Up,-0.1163
train,SPY_368.png,Up,Up,-0.5097
train,SPY_369.png,Up,Up,-0.4395
train,SPY_370.png,Up,Down,0.3187
train,SPY_371.png,Up,Up,-0.0254
train,SPY_373.png,Up,Up,-0.3826
train,SPY_374.png,Up,Down,0.1062
train,SPY_375.png,Up,Up,-0.1981
train,SPY_376.png,Up,Up,-0.1266
train,SPY_377.png,Up,Up,-0.4027
train,SPY_378.png,Up,Down,0.2071
train,SPY_38.png,Up,Up,-0.0814
train,SPY_380.png,Up,Down,0.2316
train,SPY_381.png,Up,Up,-0.2153
train,SPY_382.png,Up,Down,0.2977
train,SPY_383.png,Up,Up,-0.4377
train,SPY_384.png,Up,Up,-0.0009
train,SPY_388.png,Up,Up,-0.0125
train,SPY_389.png,Up,Up,-0.3104
train,SPY_39.png,Up,Down,0.0586
train,SPY_391.png,Up,Down,0.0652
train,SPY_392.png,Up,Down,0.0674
train,SPY_393.png,Up,Down,0.3835
train,SPY_394.png,Up,Up,-0.6099
train,SPY_395.png,Up,Up,-0.4251
train,SPY_396.png,Up,Up,-0.3536
train,SPY_397.png,Up,Up,-0.2942
train,SPY_398.png,Up,Up,-0.2934
train,SPY_399.png,Up,Down,0.5374
train,SPY_40.png,Up,Up,-0.2266
train,SPY_400.png,Up,Down,0.4261
train,SPY_401.png,Up,Up,-0.5091
train,SPY_402.png,Up,Up,-0.4154
train,SPY_404.png,Up,Up,-0.0504
train,SPY_405.png,Up,Down,0.0074
train,SPY_406.png,Up,Up,-0.5224
train,SPY_407.png,Up,Up,-0.3711
train,SPY_408.png,Up,Up,-0.0105
train,SPY_410.png,Up,Down,0.1333
train,SPY_412.png,Up,Down,0.4671
train,SPY_413.png,Up,Down,0.0763
train,SPY_414.png,Up,Up,-0.6858
train,SPY_416.png,Up,Down,0.2613
train,SPY_417.png,Up,Up,-0.2371
train,SPY_418.png,Up,Up,-0.1016
train,SPY_419.png,Up,Down,0.2643
train,SPY_42.png,Up,Down,0.248
train,SPY_421.png,Up,Down,0.4002
train,SPY_422.png,Up,Up,-0.5089
train,SPY_423.png,Up,Up,-0.4756
train,SPY_425.png,Up,Up,-0.1324
train,SPY_426.png,Up,Up,-0.4278
train,SPY_427.png,Up,Down,0.6164
train,SPY_428.png,Up,Down,0.3417
train,SPY_429.png,Up,Up,-0.535
train,SPY_43.png,Up,Down,0.3561
train,SPY_430.png,Up,Up,-0.5244
train,SPY_431.png,Up,Up,-0.355
train,SPY_432.png,Up,Up,-0.4218
train,SPY_433.png,Up,Up,-0.0815
train,SPY_434.png,Up,Down,0.2338
train,SPY_435.png,Up,Down,0.3057
train,SPY_436.png,Up,Up,-0.1958
train,SPY_438.png,Up,Down,0.5701
train,SPY_439.png,Up,Up,-0.3693
train,SPY_44.png,Up,Up,-0.4508
train,SPY_440.png,Up,Up,-0.3969
train,SPY_442.png,Up,Down,0.4846
train,SPY_443.png,Up,Up,-0.5084
train,SPY_444.png,Up,Up,-0.4093
train,SPY_446.png,Up,Up,-0.1843
train,SPY_447.png,Up,Down,0.2352
train,SPY_448.png,Up,Down,0.3693
train,SPY_449.png,Up,Up,-0.5862
train,SPY_45.png,Up,Down,0.3109
train,SPY_450.png,Up,Up,-0.5447
train,SPY_451.png,Up,Up,-0.5311
train,SPY_452.png,Up,Down,0.1578
train,SPY_453.png,Up,Up,-0.3774
train,SPY_455.png,Up,Up,-0.446
train,SPY_456.png,Up,Down,0.3798
train,SPY_458.png,Up,Down,0.458
train,SPY_459.png,Up,Up,-0.5099
train,SPY_46.png,Up,Up,-0.0589
train,SPY_460.png,Up,Down,0.1832
train,SPY_461.png,Up,Up,-0.5985
train,SPY_462.png,Up,Down,0.4032
train,SPY_463.png,Up,Up,-0.2975
train,SPY_464.png,Up,Down,0.1779
train,SPY_465.png,Up,Up,-0.3853
train,SPY_467.png,Up,Down,0.3112
train,SPY_468.png,Up,Down,0.1552
train,SPY_469.png,Up,Down,0.29
train,SPY_47.png,Up,Up,-0.5227
train,SPY_470.png,Up,Down,0.1438
train,SPY_471.png,Up,Up,-0.4026
train,SPY_472.png,Up,Down,0.0266
train,SPY_473.png,Up,Up,-0.5525
train,SPY_474.png,Up,Up,-0.0185
train,SPY_475.png,Up,Down,0.5235
train,SPY_476.png,Up,Up,-0.3292
train,SPY_477.png,Up,Up,-0.4264
train,SPY_478.png,Up,Up,-0.1703
train,SPY_479.png,Up,Up,-0.2819
train,SPY_48.png,Up,Down,0.1535
train,SPY_480.png,Up,Up,-0.3573
train,SPY_481.png,Up,Up,-0.4341
train,SPY_483.png,Up,Down,0.028
train,SPY_486.png,Up,Up,-0.0683
train,SPY_487.png,Up,Up,-0.237
train,SPY_488.png,Up,Down,0.1088
train,SPY_489.png,Up,Up,-0.1535
train,SPY_49.png,Up,Up,-0.4777
train,SPY_490.png,Up,Up,-0.0232
train,SPY_491.png,Up,Up,-0.4182
train,SPY_493.png,Up,Up,-0.1209
train,SPY_494.png,Up,Up,-0.4354
train,SPY_495.png,Up,Down,0.3006
train,SPY_498.png,Up,Down,0.3878
train,SPY_499.png,Up,Up,-0.4063
train,SPY_5.png,Up,Down,0.532
train,SPY_50.png,Up,Up,-0.3732
train,SPY_501.png,Up,Up,-0.0022
train,SPY_502.png,Up,Up,-0.3468
train,SPY_503.png,Up,Up,-0.4024
train,SPY_505.png,Up,Down,0.0522
train,SPY_508.png,Up,Up,-0.2953
train,SPY_509.png,Up,Up,-0.5558
train,SPY_51.png,Up,Up,-0.3948
train,SPY_510.png,Up,Up,-0.5066
train,SPY_512.png,Up,Down,0.1616
train,SPY_513.png,Up,Down,0.4497
train,SPY_514.png,Up,Up,-0.5765
train,SPY_515.png,Up,Up,-0.4163
train,SPY_516.png,Up,Up,-0.3314
train,SPY_518.png,Up,Up,-0.0291
train,SPY_519.png,Up,Down,0.5523
train,SPY_52.png,Up,Up,-0.0304
train,SPY_520.png,Up,Down,0.3476
train,SPY_521.png,Up,Up,-0.5282
train,SPY_522.png,Up,Up,-0.4105
train,SPY_523.png,Up,Up,-0.3652
train,SPY_524.png,Up,Up,-0.3793
train,SPY_525.png,Up,Down,0.2186
train,SPY_527.png,Up,Down,0.2482
train,SPY_529.png,Up,Up,-0.5238
train,SPY_53.png,Up,Up,-0.5701
train,SPY_530.png,Up,Up,-0.3618
train,SPY_531.png,Up,Down,0.0852
train,SPY_532.png,Up,Down,0.242
train,SPY_533.png,Up,Down,0.422
train,SPY_534.png,Up,Up,-0.4145
train,SPY_535.png,Up,Up,-0.348
train,SPY_536.png,Up,Up,-0.1932
train,SPY_537.png,Up,Up,-0.0449
train,SPY_538.png,Up,Up,-0.365
train,SPY_539.png,Up,Up,-0.4178
train,SPY_54.png,Up,Up,-0.3826
train,SPY_540.png,Up,Down,0.2554
train,SPY_541.png,Up,Down,0.6873
train,SPY_542.png,Up,Up,-0.5561
train,SPY_543.png,Up,Up,-0.3563
train,SPY_546.png,Up,Down,0.5738
train,SPY_547.png,Up,Up,-0.5842
train,SPY_548.png,Up,Up,-0.4409
train,SPY_549.png,Up,Up,-0.6594
train,SPY_55.png,Up,Up,-0.2799
train,SPY_550.png,Up,Down,0.3942
train,SPY_551.png,Up,Up,-0.3716
train,SPY_552.png,Up,Down,0.2532
train,SPY_553.png,Up,Up,-0.3602
train,SPY_554.png,Up,Up,-0.4909
train,SPY_555.png,Up,Up,-0.3399
train,SPY_556.png,Up,Down,0.6298
train,SPY_557.png,Up,Up,-0.0
train,SPY_56.png,Up,Up,-0.5332
train,SPY_560.png,Up,Down,0.176
train,SPY_561.png,Up,Up,-0.6314
train,SPY_562.png,Up,Down,0.3877
train,SPY_563.png,Up,Up,-0.1718
train,SPY_564.png,Up,Down,0.4555
train,SPY_566.png,Up,Down,0.2092
train,SPY_568.png,Up,Down,0.2433
train,SPY_569.png,Up,Down,0.3421
train,SPY_57.png,Up,Up,-0.435
train,SPY_570.png,Up,Down,0.4083
train,SPY_571.png,Up,Up,-0.4673
train,SPY_572.png,Up,Up,-0.4978
train,SPY_573.png,Up,Down,0.0991
train,SPY_574.png,Up,Up,-0.1874
train,SPY_575.png,Up,Down,0.0299
train,SPY_576.png,Up,Up,-0.4907
train,SPY_577.png,Up,Up,-0.2948
train,SPY_578.png,Up,Down,0.1915
train,SPY_579.png,Up,Down,0.2813
train,SPY_58.png,Up,Up,-0.4577
train,SPY_580.png,Up,Up,-0.4983
train,SPY_581.png,Up,Up,-0.474
train,SPY_582.png,Up,Up,-0.3475
train,SPY_583.png,Up,Up,-0.2496
train,SPY_584.png,Up,Down,0.5517
train,SPY_585.png,Up,Down,0.5355
train,SPY_586.png,Up,Down,0.1982
train,SPY_587.png,Up,Up,-0.101
train,SPY_589.png,Up,Down,0.0894
train,SPY_59.png,Up,Up,-0.0587
train,SPY_590.png,Up,Up,-0.6429
train,SPY_591.png,Up,Up,-0.1831
train,SPY_593.png,Up,Down,0.1372
train,SPY_594.png,Up,Down,0.3871
train,SPY_596.png,Up,Down,0.1167
train,SPY_598.png,Up,Down,0.3273
train,SPY_60.png,Up,Up,-0.2618
train,SPY_600.png,Up,Up,-0.1507
train,SPY_603.png,Up,Down,0.0429
train,SPY_604.png,Up,Up,-0.0319
train,SPY_607.png,Up,Down,0.0576
train,SPY_609.png,Up,Down,0.3016
train,SPY_610.png,Up,Up,-0.4772
train,SPY_611.png,Up,Down,0.017
train,SPY_612.png,Up,Up,-0.4908
train,SPY_614.png,Up,Down,0.1271
train,SPY_615.png,Up,Up,-0.3215
train,SPY_616.png,Up,Up,-0.3862
train,SPY_618.png,Up,Down,0.277
train,SPY_619.png,Up,Up,-0.3555
train,SPY_62.png,Up,Down,0.2114
train,SPY_620.png,Up,Down,0.1759
train,SPY_621.png,Up,Up,-0.6772
train,SPY_622.png,Up,Up,-0.4401
train,SPY_624.png,Up,Down,0.1462
train,SPY_625.png,Up,Up,-0.4807
train,SPY_626.png,Up,Up,-0.4848
train,SPY_627.png,Up,Up,-0.3805
train,SPY_63.png,Up,Down,0.124
train,SPY_64.png,Up,Up,-0.0862
train,SPY_65.png,Up,Up,-0.5914
train,SPY_66.png,Up,Up,-0.3278
train,SPY_67.png,Up,Up,-0.0372
train,SPY_69.png,Up,Up,-0.1595
train,SPY_7.png,Up,Up,-0.3507
train,SPY_70.png,Up,Up,-0.3982
train,SPY_71.png,Up,Up,-0.5021
train,SPY_72.png,Up,Down,0.1654
train,SPY_74.png,Up,Down,0.3849
train,SPY_75.png,Up,Up,-0.4902
train,SPY_76.png,Up,Up,-0.6187
train,SPY_77.png,Up,Down,0.1012
train,SPY_78.png,Up,Down,0.2542
train,SPY_79.png,Up,Up,-0.0794
train,SPY_8.png,Up,Down,0.1273
train,SPY_80.png,Up,Down,0.458
train,SPY_81.png,Up,Up,-0.2259
train,SPY_82.png,Up,Down,0.1898
train,SPY_83.png,Up,Down,0.3571
train,SPY_84.png,Up,Down,0.065
train,SPY_85.png,Up,Down,0.312
train,SPY_86.png,Up,Up,-0.3277
train,SPY_87.png,Up,Down,0.2385
train,SPY_88.png,Up,Up,-0.5628
train,SPY_9.png,Up,Down,0.3382
train,SPY_90.png,Up,Down,0.3658
train,SPY_91.png,Up,Up,-0.6435
train,SPY_92.png,Up,Up,-0.266
train,SPY_93.png,Up,Up,-0.274
train,SPY_94.png,Up,Down,0.345
train,SPY_95.png,Up,Up,-0.6947
train,SPY_96.png,Up,Up,-0.3951
train,SPY_97.png,Up,Down,0.3319
train,SPY_98.png,Up,Up,-0.4351
train,SPY_99.png,Up,Up,-0.1696
train,QQQ_1.png,Down,Up,-0.4773
train,QQQ_100.png,Down,Up,-0.2819
train,QQQ_104.png,Down,Up,-0.3672
train,QQQ_108.png,Down,Up,-0.5384
train,QQQ_112.png,Down,Up,-0.4915
train,QQQ_113.png,Down,Up,-0.2367
train,QQQ_115.png,Down,Up,-0.3798
train,QQQ_117.png,Down,Down,0.1205
train,QQQ_118.png,Down,Up,-0.4586
train,QQQ_122.png,Down,Down,0.2824
train,QQQ_123.png,Down,Up,-0.2282
train,QQQ_125.png,Down,Down,0.557
train,QQQ_127.png,Down,Up,-0.6049
train,QQQ_128.png,Down,Up,-0.0834
train,QQQ_129.png,Down,Down,0.4503
train,QQQ_131.png,Down,Up,-0.2918
train,QQQ_133.png,Down,Down,0.4182
train,QQQ_134.png,Down,Down,0.4013
train,QQQ_135.png,Down,Down,0.0345
train,QQQ_138.png,Down,Up,-0.562
train,QQQ_139.png,Down,Down,0.064
train,QQQ_14.png,Down,Up,-0.5348
train,QQQ_144.png,Down,Up,-0.2172
train,QQQ_145.png,Down,Down,0.2785
train,QQQ_146.png,Down,Down,0.6512
train,QQQ_149.png,Down,Down,0.2056
train,QQQ_150.png,Down,Up,-0.1487
train,QQQ_151.png,Down,Down,0.4955
train,QQQ_152.png,Down,Up,-0.2725
train,QQQ_153.png,Down,Down,0.5263
train,QQQ_156.png,Down,Up,-0.3701
train,QQQ_157.png,Down,Down,0.0023
train,QQQ_160.png,Down,Up,-0.3153
train,QQQ_161.png,Down,Down,0.3892
train,QQQ_163.png,Down,Up,-0.42
train,QQQ_17.png,Down,Up,-0.4892
train,QQQ_170.png,Down,Down,0.4202
train,QQQ_171.png,Down,Up,-0.3749
train,QQQ_177.png,Down,Up,-0.5235
train,QQQ_178.png,Down,Down,0.0667
train,QQQ_179.png,Down,Down,0.3025
train,QQQ_18.png,Down,Up,-0.3639
train,QQQ_181.png,Down,Up,-0.1634
train,QQQ_182.png,Down,Down,0.3127
train,QQQ_183.png,Down,Up,-0.0832
train,QQQ_185.png,Down,Up,-0.3231
train,QQQ_189.png,Down,Up,-0.2998
train,QQQ_193.png,Down,Up,-0.6236
train,QQQ_194.png,Down,Down,0.0951
train,QQQ_195.png,Down,Up,-0.0503
train,QQQ_198.png,Down,Up,-0.1697
train,QQQ_199.png,Down,Up,-0.3518
train,QQQ_201.png,Down,Up,-0.2017
train,QQQ_204.png,Down,Up,-0.4405
train,QQQ_205.png,Down,Down,0.2295
train,QQQ_206.png,Down,Up,-0.2021
train,QQQ_207.png,Down,Down,0.0164
train,QQQ_21.png,Down,Up,-0.4113
train,QQQ_210.png,Down,Down,0.5167
train,QQQ_211.png,Down,Down,0.0962
train,QQQ_215.png,Down,Up,-0.5396
train,QQQ_217.png,Down,Up,-0.2135
train,QQQ_221.png,Down,Down,0.2886
train,QQQ_222.png,Down,Down,0.4726
train,QQQ_223.png,Down,Up,-0.2737
train,QQQ_225.png,Down,Down,0.2664
train,QQQ_227.png,Down,Up,-0.353
train,QQQ_230.png,Down,Up,-0.1615
train,QQQ_233.png,Down,Down,0.4244
train,QQQ_235.png,Down,Up,-0.1339
train,QQQ_237.png,Down,Down,0.2455
train,QQQ_238.png,Down,Down,0.5665
train,QQQ_239.png,Down,Down,0.1952
train,QQQ_241.png,Down,Down,0.0581
train,QQQ_242.png,Down,Up,-0.2928
train,QQQ_245.png,Down,Up,-0.329
train,QQQ_247.png,Down,Down,0.4316
train,QQQ_249.png,Down,Up,-0.2678
train,QQQ_250.png,Down,Down,0.4739
train,QQQ_257.png,Down,Up,-0.4693
train,QQQ_26.png,Down,Down,0.04
train,QQQ_264.png,Down,Up,-0.5185
train,QQQ_268.png,Down,Up,-0.6834
train,QQQ_272.png,Down,Down,0.0004
train,QQQ_273.png,Down,Down,0.5712
train,QQQ_279.png,Down,Up,-0.3775
train,QQQ_28.png,Down,Up,-0.2453
train,QQQ_280.png,Down,Down,0.3268
train,QQQ_283.png,Down,Up,-0.5092
train,QQQ_286.png,Down,Up,-0.3078
train,QQQ_287.png,Down,Down,0.5286
train,QQQ_29.png,Down,Down,0.327
train,QQQ_293.png,Down,Up,-0.4587
train,QQQ_301.png,Down,Up,-0.0768
train,QQQ_303.png,Down,Up,-0.3098
train,QQQ_306.png,Down,Down,0.3718
train,QQQ_307.png,Down,Down,0.0473
train,QQQ_311.png,Down,Down,0.2003
train,QQQ_312.png,Down,Down,0.3381
train,QQQ_313.png,Down,Up,-0.0291
train,QQQ_315.png,Down,Down,0.2393
train,QQQ_317.png,Down,Up,-0.1532
train,QQQ_318.png,Down,Up,-0.0081
train,QQQ_32.png,Down,Up,-0.003
train,QQQ_320.png,Down,Up,-0.6632
train,QQQ_328.png,Down,Up,-0.4031
train,QQQ_329.png,Down,Down,0.3295
train,QQQ_330.png,Down,Up,-0.3468
train,QQQ_331.png,Down,Down,0.4289
train,QQQ_338.png,Down,Up,-0.3762
train,QQQ_34.png,Down,Down,0.3834
train,QQQ_340.png,Down,Up,-0.4633
train,QQQ_341.png,Down,Up,-0.032
train,QQQ_342.png,Down,Down,0.1985
train,QQQ_343.png,Down,Down,0.0685
train,QQQ_345.png,Down,Up,-0.2028
train,QQQ_346.png,Down,Up,-0.3183
train,QQQ_348.png,Down,Up,-0.1839
train,QQQ_356.png,Down,Up,-0.5203
train,QQQ_358.png,Down,Down,0.1963
train,QQQ_360.png,Down,Up,-0.6896
train,QQQ_362.png,Down,Up,-0.3122
train,QQQ_363.png,Down,Down,0.0434
train,QQQ_368.png,Down,Up,-0.2519
train,QQQ_37.png,Down,Up,-0.0777
train,QQQ_370.png,Down,Up,-0.5529
train,QQQ_373.png,Down,Up,-0.3633
train,QQQ_376.png,Down,Up,-0.1204
train,QQQ_377.png,Down,Down,0.4662
train,QQQ_378.png,Down,Down,0.4522
train,QQQ_380.png,Down,Up,-0.1786
train,QQQ_386.png,Down,Up,-0.3472
train,QQQ_389.png,Down,Up,-0.2512
train,QQQ_39.png,Down,Down,0.3835
train,QQQ_390.png,Down,Up,-0.016
train,QQQ_391.png,Down,Down,0.2244
train,QQQ_395.png,Down,Up,-0.4968
train,QQQ_4.png,Down,Up,-0.2074
train,QQQ_40.png,Down,Down,0.0757
train,QQQ_401.png,Down,Up,-0.5169
train,QQQ_403.png,Down,Down,0.2987
train,QQQ_405.png,Down,Up,-0.4766
train,QQQ_407.png,Down,Up,-0.3285
train,QQQ_408.png,Down,Down,0.4531
train,QQQ_409.png,Down,Up,-0.3939
train,QQQ_41.png,Down,Down,0.2596
train,QQQ_411.png,Down,Up,-0.5264
train,QQQ_412.png,Down,Up,-0.1458
train,QQQ_413.png,Down,Down,0.1707
train,QQQ_415.png,Down,Up,-0.3324
train,QQQ_42.png,Down,Down,0.455
train,QQQ_421.png,Down,Down,0.3662
train,QQQ_422.png,Down,Up,-0.047
train,QQQ_423.png,Down,Down,0.5536
train,QQQ_424.png,Down,Up,-0.0654
train,QQQ_430.png,Down,Down,0.1697
train,QQQ_433.png,Down,Up,-0.3821
train,QQQ_434.png,Down,Down,0.503
train,QQQ_438.png,Down,Up,-0.331
train,QQQ_44.png,Down,Up,-0.0477
train,QQQ_443.png,Down,Up,-0.3965
train,QQQ_445.png,Down,Up,-0.5427
train,QQQ_447.png,Down,Up,-0.1955
train,QQQ_454.png,Down,Up,-0.3133
train,QQQ_458.png,Down,Up,-0.5714
train,QQQ_463.png,Down,Down,0.1527
train,QQQ_465.png,Down,Up,-0.2314
train,QQQ_469.png,Down,Up,-0.5038
train,QQQ_47.png,Down,Down,0.0432
train,QQQ_470.png,Down,Up,-0.3573
train,QQQ_472.png,Down,Up,-0.5535
train,QQQ_474.png,Down,Up,-0.5317
train,QQQ_475.png,Down,Down,0.4282
train,QQQ_478.png,Down,Down,0.3699
train,QQQ_48.png,Down,Down,0.5384
train,QQQ_480.png,Down,Up,-0.5393
train,QQQ_484.png,Down,Up,-0.4014
train,QQQ_488.png,Down,Up,-0.4641
train,QQQ_49.png,Down,Down,0.4378
train,QQQ_490.png,Down,Down,0.5046
train,QQQ_492.png,Down,Down,0.4291
train,QQQ_493.png,Down,Up,-0.0107
train,QQQ_494.png,Down,Up,-0.1264
train,QQQ_496.png,Down,Up,-0.4676
train,QQQ_499.png,Down,Up,-0.3644
train,QQQ_500.png,Down,Up,-0.495
train,QQQ_503.png,Down,Up,-0.5323
train,QQQ_51.png,Down,Down,0.1479
train,QQQ_55.png,Down,Up,-0.4571
train,QQQ_56.png,Down,Up,-0.2682
train,QQQ_60.png,Down,Up,-0.3683
train,QQQ_62.png,Down,Down,0.3398
train,QQQ_63.png,Down,Down,0.5092
train,QQQ_65.png,Down,Up,-0.1237
train,QQQ_68.png,Down,Up,-0.2595
train,QQQ_69.png,Down,Down,0.3782
train,QQQ_70.png,Down,Up,-0.3636
train,QQQ_72.png,Down,Down,0.127
train,QQQ_75.png,Down,Down,0.1937
train,QQQ_76.png,Down,Down,0.3047
train,QQQ_77.png,Down,Up,-0.0208
train,QQQ_79.png,Down,Up,-0.2843
train,QQQ_8.png,Down,Up,-0.4871
train,QQQ_80.png,Down,Down,0.5126
train,QQQ_81.png,Down,Down,0.4404
train,QQQ_83.png,Down,Down,0.1544
train,QQQ_84.png,Down,Down,0.5045
train,QQQ_86.png,Down,Up,-0.5731
train,QQQ_87.png,Down,Down,0.5092
train,QQQ_88.png,Down,Down,0.4777
train,QQQ_9.png,Down,Down,0.4115
train,QQQ_91.png,Down,Up,-0.2625
train,QQQ_93.png,Down,Up,-0.3592
train,QQQ_94.png,Down,Down,0.3346
train,QQQ_96.png,Down,Up,-0.3723
train,QQQ_97.png,Down,Down,0.3427
train,QQQ_99.png,Down,Down,0.1539
train,SPY_0.png,Down,Up,-0.4394
train,SPY_102.png,Down,Up,-0.211
train,SPY_103.png,Down,Up,-0.3088
train,SPY_104.png,Down,Down,0.3487
train,SPY_105.png,Down,Up,-0.5842
train,SPY_107.png,Down,Up,-0.5566
train,SPY_108.png,Down,Up,-0.3483
train,SPY_109.png,Down,Down,0.0302
train,SPY_11.png,Down,Up,-0.4605
train,SPY_110.png,Down,Up,-0.5229
train,SPY_111.png,Down,Up,-0.2447
train,SPY_113.png,Down,Up,-0.4293
train,SPY_114.png,Down,Down,0.2599
train,SPY_115.png,Down,Down,0.4205
train,SPY_118.png,Down,Up,-0.3663
train,SPY_122.png,Down,Up,-0.547
train,SPY_124.png,Down,Up,-0.3511
train,SPY_125.png,Down,Up,-0.5918
train,SPY_128.png,Down,Up,-0.3842
train,SPY_129.png,Down,Up,-0.5443
train,SPY_131.png,Down,Up,-0.2822
train,SPY_132.png,Down,Down,0.1593
train,SPY_133.png,Down,Up,-0.14
train,SPY_134.png,Down,Down,0.2178
train,SPY_135.png,Down,Up,-0.232
train,SPY_136.png,Down,Up,-0.5088
train,SPY_137.png,Down,Up,-0.4917
train,SPY_138.png,Down,Down,0.5708
train,SPY_139.png,Down,Up,-0.5305
train,SPY_14.png,Down,Up,-0.611
train,SPY_140.png,Down,Down,0.0545
train,SPY_142.png,Down,Up,-0.1099
train,SPY_143.png,Down,Down,0.3917
train,SPY_145.png,Down,Up,-0.5837
train,SPY_146.png,Down,Up,-0.4385
train,SPY_147.png,Down,Down,0.2358
train,SPY_149.png,Down,Up,-0.3122
train,SPY_15.png,Down,Down,0.0136
train,SPY_151.png,Down,Up,-0.4127
train,SPY_152.png,Down,Down,0.0748
train,SPY_153.png,Down,Down,0.0635
train,SPY_154.png,Down,Up,-0.3983
train,SPY_155.png,Down,Down,0.0317
train,SPY_157.png,Down,Up,-0.195
train,SPY_158.png,Down,Up,-0.0889
train,SPY_162.png,Down,Up,-0.341
train,SPY_163.png,Down,Down,0.6286
train,SPY_164.png,Down,Down,0.2884
train,SPY_165.png,Down,Up,-0.4438
train,SPY_166.png,Down,Down,0.0813
train,SPY_167.png,Down,Down,0.1898
train,SPY_168.png,Down,Up,-0.4326
train,SPY_17.png,Down,Up,-0.1923
train,SPY_171.png,Down,Up,-0.5402
train,SPY_172.png,Down,Down,0.1024
train,SPY_173.png,Down,Up,-0.2102
train,SPY_175.png,Down,Up,-0.435
train,SPY_176.png,Down,Up,-0.1475
train,SPY_177.png,Down,Down,0.249
train,SPY_178.png,Down,Down,0.2265
train,SPY_18.png,Down,Down,0.3962
train,SPY_180.png,Down,Up,-0.3906
train,SPY_181.png,Down,Down,0.0027
train,SPY_182.png,Down,Up,-0.2153
train,SPY_183.png,Down,Down,0.0363
train,SPY_185.png,Down,Up,-0.373
train,SPY_186.png,Down,Down,0.5071
train,SPY_187.png,Down,Down,0.056
train,SPY_188.png,Down,Down,0.0932
train,SPY_189.png,Down,Down,0.529
train,SPY_191.png,Down,Up,-0.2664
train,SPY_192.png,Down,Down,0.4714
train,SPY_193.png,Down,Down,0.1088
train,SPY_194.png,Down,Down,0.436
train,SPY_196.png,Down,Down,0.4347
train,SPY_198.png,Down,Up,-0.4303
train,SPY_199.png,Down,Down,0.08
train,SPY_2.png,Down,Up,-0.444
train,SPY_200.png,Down,Down,0.2311
train,SPY_201.png,Down,Up,-0.3809
train,SPY_202.png,Down,Down,0.4947
train,SPY_203.png,Down,Down,0.4842
train,SPY_204.png,Down,Down,0.2407
train,SPY_205.png,Down,Down,0.1678
train,SPY_206.png,Down,Up,-0.5927
train,SPY_207.png,Down,Up,-0.1221
train,SPY_209.png,Down,Up,-0.5804
train,SPY_21.png,Down,Up,-0.4328
train,SPY_210.png,Down,Down,0.115
train,SPY_211.png,Down,Down,0.5234
train,SPY_212.png,Down,Up,-0.4304
train,SPY_213.png,Down,Up,-0.3227
train,SPY_214.png,Down,Up,-0.416
train,SPY_215.png,Down,Up,-0.2014
train,SPY_216.png,Down,Down,0.2777
train,SPY_22.png,Down,Up,-0.1221
train,SPY_222.png,Down,Up,-0.4239
train,SPY_226.png,Down,Down,0.1716
train,SPY_227.png,Down,Up,-0.1103
train,SPY_229.png,Down,Up,-0.1692
train,SPY_23.png,Down,Up,-0.0328
train,SPY_230.png,Down,Down,0.4657
train,SPY_231.png,Down,Down,0.4404
train,SPY_232.png,Down,Down,0.5731
train,SPY_234.png,Down,Down,0.2411
train,SPY_235.png,Down,Down,0.3981
train,SPY_236.png,Down,Down,0.2836
train,SPY_237.png,Down,Down,0.1903
train,SPY_238.png,Down,Up,-0.1012
train,SPY_239.png,Down,Down,0.4737
train,SPY_240.png,Down,Up,-0.5435
train,SPY_243.png,Down,Down,0.1058
train,SPY_245.png,Down,Up,-0.6274
train,SPY_247.png,Down,Up,-0.4916
train,SPY_248.png,Down,Up,-0.5058
train,SPY_250.png,Down,Up,-0.4264
train,SPY_251.png,Down,Down,0.6121
train,SPY_252.png,Down,Down,0.1648
train,SPY_253.png,Down,Up,-0.0767
train,SPY_254.png,Down,Up,-0.3978
train,SPY_255.png,Down,Up,-0.1104
train,SPY_256.png,Down,Down,0.3914
train,SPY_26.png,Down,Down,0.0107
train,SPY_261.png,Down,Up,-0.0742
train,SPY_262.png,Down,Up,-0.3428
train,SPY_265.png,Down,Up,-0.5312
train,SPY_266.png,Down,Up,-0.3034
train,SPY_267.png,Down,Down,0.1019
train,SPY_268.png,Down,Up,-0.2482
train,SPY_269.png,Down,Up,-0.4328
train,SPY_27.png,Down,Up,-0.5339
train,SPY_270.png,Down,Up,-0.347
train,SPY_271.png,Down,Down,0.0197
train,SPY_275.png,Down,Up,-0.1194
train,SPY_276.png,Down,Up,-0.3614
train,SPY_277.png,Down,Up,-0.5466
train,SPY_278.png,Down,Down,0.0178
train,SPY_28.png,Down,Up,-0.088
train,SPY_280.png,Down,Up,-0.2917
train,SPY_281.png,Down,Up,-0.5928
train,SPY_282.png,Down,Down,0.3526
train,SPY_283.png,Down,Down,0.4639
train,SPY_285.png,Down,Up,-0.4663
train,SPY_287.png,Down,Down,0.2845
train,SPY_288.png,Down,Down,0.3153
train,SPY_289.png,Down,Up,-0.1763
train,SPY_29.png,Down,Down,0.5273
train,SPY_291.png,Down,Up,-0.3651
train,SPY_292.png,Down,Up,-0.4042
train,SPY_293.png,Down,Up,-0.3475
train,SPY_294.png,Down,Down,0.0855
train,SPY_3.png,Down,Down,0.2726
train,SPY_30.png,Down,Up,-0.4074
train,SPY_300.png,Down,Down,0.5697
train,SPY_301.png,Down,Down,0.2245
train,SPY_302.png,Down,Down,0.0108
train,SPY_304.png,Down,Up,-0.504
train,SPY_306.png,Down,Up,-0.3264
train,SPY_308.png,Down,Up,-0.1988
train,SPY_31.png,Down,Up,-0.2487
train,SPY_310.png,Down,Up,-0.3793
train,SPY_311.png,Down,Up,-0.3215
train,SPY_313.png,Down,Up,-0.335
train,SPY_314.png,Down,Up,-0.4245
train,SPY_315.png,Down,Down,0.2469
train,SPY_317.png,Down,Up,-0.5774
train,SPY_318.png,Down,Up,-0.1633
train,SPY_321.png,Down,Up,-0.3394
train,SPY_322.png,Down,Down,0.0872
train,SPY_324.png,Down,Up,-0.0375
train,SPY_325.png,Down,Up,-0.4072
train,SPY_326.png,Down,Down,0.0173
train,SPY_327.png,Down,Down,0.5945
train,SPY_33.png,Down,Up,-0.3547
train,SPY_330.png,Down,Up,-0.5952
train,SPY_332.png,Down,Down,0.3804
train,SPY_333.png,Down,Up,-0.4732
train,SPY_334.png,Down,Down,0.3931
train,SPY_335.png,Down,Up,-0.0382
train,SPY_336.png,Down,Up,-0.4144
train,SPY_337.png,Down,Down,0.1478
train,SPY_338.png,Down,Down,0.3318
train,SPY_339.png,Down,Down,0.5237
train,SPY_34.png,Down,Up,-0.1339
train,SPY_342.png,Down,Up,-0.3437
train,SPY_343.png,Down,Down,0.0796
train,SPY_344.png,Down,Down,0.3871
train,SPY_345.png,Down,Down,0.008
train,SPY_347.png,Down,Up,-0.4752
train,SPY_348.png,Down,Up,-0.2646
train,SPY_349.png,Down,Up,-0.2565
train,SPY_35.png,Down,Down,0.367
train,SPY_350.png,Down,Up,-0.1379
train,SPY_351.png,Down,Up,-0.5361
train,SPY_352.png,Down,Up,-0.3268
train,SPY_353.png,Down,Up,-0.1496
train,SPY_354.png,Down,Down,0.0243
train,SPY_355.png,Down,Down,0.5608
train,SPY_36.png,Down,Up,-0.4736
train,SPY_360.png,Down,Up,-0.1339
train,SPY_361.png,Down,Down,0.5287
train,SPY_362.png,Down,Up,-0.3843
train,SPY_363.png,Down,Down,0.1461
train,SPY_364.png,Down,Down,0.3728
train,SPY_365.png,Down,Up,-0.0533
train,SPY_366.png,Down,Up,-0.142
train,SPY_367.png,Down,Up,-0.2985
train,SPY_368.png,Down,Up,-0.4104
train,SPY_37.png,Down,Up,-0.3547
train,SPY_370.png,Down,Up,-0.2263
train,SPY_371.png,Down,Up,-0.2294
train,SPY_372.png,Down,Down,0.3665
train,SPY_374.png,Down,Up,-0.4035
train,SPY_375.png,Down,Up,-0.073
train,SPY_376.png,Down,Down,0.3891
train,SPY_377.png,Down,Up,-0.181
train,SPY_378.png,Down,Up,-0.1274
train,SPY_379.png,Down,Up,-0.1656
train,SPY_38.png,Down,Down,0.368
train,SPY_380.png,Down,Up,-0.3968
train,SPY_382.png,Down,Up,-0.531
train,SPY_385.png,Down,Down,0.3328
train,SPY_386.png,Down,Down,0.4357
train,SPY_387.png,Down,Down,0.4349
train,SPY_388.png,Down,Down,0.3608
train,SPY_389.png,Down,Down,0.5245
train,SPY_39.png,Down,Up,-0.4486
train,SPY_390.png,Down,Up,-0.2151
train,SPY_392.png,Down,Up,-0.3415
train,SPY_393.png,Down,Down,0.2975
train,SPY_394.png,Down,Down,0.4356
train,SPY_395.png,Down,Down,0.3314
train,SPY_396.png,Down,Down,0.1309
train,SPY_397.png,Down,Down,0.4032
train,SPY_398.png,Down,Up,-0.038
train,SPY_399.png,Down,Up,-0.3509
train,SPY_4.png,Down,Down,0.4092
train,SPY_40.png,Down,Down,0.5064
train,SPY_401.png,Down,Down,0.1772
train,SPY_402.png,Down,Up,-0.0427
train,SPY_403.png,Down,Up,-0.0801
train,SPY_404.png,Down,Down,0.5061
train,SPY_405.png,Down,Up,-0.5016
train,SPY_409.png,Down,Up,-0.6454
train,SPY_41.png,Down,Down,0.5004
train,SPY_410.png,Down,Up,-0.4601
train,SPY_411.png,Down,Up,-0.4866
train,SPY_412.png,Down,Down,0.4215
train,SPY_413.png,Down,Down,0.601
train,SPY_415.png,Down,Up,-0.5048
train,SPY_416.png,Down,Up,-0.3046
train,SPY_417.png,Down,Down,0.5121
train,SPY_418.png,Down,Up,-0.597
train,SPY_419.png,Down,Up,-0.4454
train,SPY_420.png,Down,Up,-0.6075
train,SPY_423.png,Down,Up,-0.2565
train,SPY_424.png,Down,Up,-0.0789
train,SPY_431.png,Down,Up,-0.3896
train,SPY_433.png,Down,Up,-0.2179
train,SPY_436.png,Down,Down,0.3227
train,SPY_437.png,Down,Up,-0.6277
train,SPY_439.png,Down,Up,-0.4353
train,SPY_44.png,Down,Down,0.0724
train,SPY_440.png,Down,Up,-0.4803
train,SPY_441.png,Down,Down,0.6442
train,SPY_443.png,Down,Up,-0.2625
train,SPY_445.png,Down,Up,-0.454
train,SPY_447.png,Down,Up,-0.6302
train,SPY_450.png,Down,Up,-0.2891
train,SPY_452.png,Down,Up,-0.3396
train,SPY_454.png,Down,Up,-0.5288
train,SPY_455.png,Down,Up,-0.1124
train,SPY_457.png,Down,Up,-0.5457
train,SPY_458.png,Down,Down,0.1128
train,SPY_459.png,Down,Up,-0.0897
train,SPY_460.png,Down,Down,0.2341
train,SPY_461.png,Down,Down,0.0662
train,SPY_462.png,Down,Up,-0.4903
train,SPY_465.png,Down,Up,-0.0365
train,SPY_466.png,Down,Down,0.6116
train,SPY_467.png,Down,Up,-0.1777
train,SPY_469.png,Down,Down,0.2168
train,SPY_47.png,Down,Up,-0.4102
train,SPY_470.png,Down,Up,-0.5578
train,SPY_471.png,Down,Down,0.4472
train,SPY_473.png,Down,Down,0.3281
train,SPY_474.png,Down,Up,-0.5802
train,SPY_475.png,Down,Up,-0.4341
train,SPY_476.png,Down,Down,0.0295
train,SPY_479.png,Down,Down,0.1571
train,SPY_48.png,Down,Down,0.2316
train,SPY_481.png,Down,Up,-0.5963
train,SPY_482.png,Down,Up,-0.1291
train,SPY_483.png,Down,Down,0.4718
train,SPY_484.png,Down,Up,-0.2934
train,SPY_485.png,Down,Down,0.5595
train,SPY_486.png,Down,Down,0.0208
train,SPY_489.png,Down,Down,0.0244
train,SPY_490.png,Down,Up,-0.125
train,SPY_492.png,Down,Up,-0.3986
train,SPY_494.png,Down,Up,-0.5229
train,SPY_495.png,Down,Down,0.0622
train,SPY_496.png,Down,Down,0.0356
train,SPY_497.png,Down,Down,0.2045
train,SPY_500.png,Down,Up,-0.3089
train,SPY_501.png,Down,Up,-0.0599
train,SPY_503.png,Down,Down,0.5362
train,SPY_504.png,Down,Up,-0.4791
train,SPY_506.png,Down,Up,-0.3006
train,SPY_507.png,Down,Up,-0.3429
train,SPY_508.png,Down,Up,-0.4049
train,SPY_51.png,Down,Up,-0.4901
train,SPY_511.png,Down,Down,0.0679
train,SPY_512.png,Down,Up,-0.3622
train,SPY_513.png,Down,Down,0.3781
train,SPY_515.png,Down,Down,0.4076
train,SPY_516.png,Down,Up,-0.2975
train,SPY_517.png,Down,Down,0.6328
train,SPY_518.png,Down,Down,0.2802
train,SPY_519.png,Down,Up,-0.5015
train,SPY_521.png,Down,Down,0.2584
train,SPY_524.png,Down,Up,-0.5067
train,SPY_526.png,Down,Up,-0.4967
train,SPY_527.png,Down,Up,-0.0983
train,SPY_528.png,Down,Down,0.6969
train,SPY_53.png,Down,Up,-0.5696
train,SPY_530.png,Down,Up,-0.3075
train,SPY_532.png,Down,Up,-0.4554
train,SPY_533.png,Down,Up,-0.3786
train,SPY_534.png,Down,Up,-0.239
train,SPY_535.png,Down,Up,-0.0947
train,SPY_536.png,Down,Down,0.2521
train,SPY_537.png,Down,Up,-0.5953
train,SPY_539.png,Down,Up,-0.058
train,SPY_54.png,Down,Down,0.3418
train,SPY_540.png,Down,Up,-0.3286
train,SPY_542.png,Down,Up,-0.2761
train,SPY_543.png,Down,Up,-0.2061
train,SPY_544.png,Down,Up,-0.0572
train,SPY_545.png,Down,Down,0.4146
train,SPY_547.png,Down,Down,0.1278
train,SPY_548.png,Down,Down,0.3123
train,SPY_551.png,Down,Up,-0.4745
train,SPY_552.png,Down,Up,-0.6111
train,SPY_555.png,Down,Up,-0.4112
train,SPY_557.png,Down,Up,-0.3866
train,SPY_558.png,Down,Up,-0.3636
train,SPY_559.png,Down,Up,-0.2417
train,SPY_561.png,Down,Up,-0.4432
train,SPY_562.png,Down,Up,-0.3522
train,SPY_563.png,Down,Up,-0.2826
train,SPY_564.png,Down,Up,-0.4215
train,SPY_565.png,Down,Up,-0.6089
train,SPY_566.png,Down,Up,-0.0104
train,SPY_567.png,Down,Up,-0.0056
train,SPY_568.png,Down,Up,-0.0096
train,SPY_569.png,Down,Up,-0.2962
train,SPY_571.png,Down,Up,-0.5908
train,SPY_574.png,Down,Up,-0.5272
train,SPY_575.png,Down,Down,0.4351
train,SPY_576.png,Down,Up,-0.0778
train,SPY_577.png,Down,Down,0.6096
train,SPY_58.png,Down,Up,-0.1821
train,SPY_580.png,Down,Up,-0.5372
train,SPY_582.png,Down,Up,-0.4222
train,SPY_583.png,Down,Up,-0.4126
train,SPY_584.png,Down,Up,-0.5684
train,SPY_586.png,Down,Down,0.1379
train,SPY_587.png,Down,Up,-0.621
train,SPY_588.png,Down,Down,0.5428
train,SPY_59.png,Down,Up,-0.4075
train,SPY_592.png,Down,Up,-0.421
train,SPY_595.png,Down,Up,-0.3328
train,SPY_597.png,Down,Up,-0.2676
train,SPY_599.png,Down,Up,-0.4185
train,SPY_6.png,Down,Up,-0.4438
train,SPY_601.png,Down,Up,-0.0193
train,SPY_602.png,Down,Up,-0.124
train,SPY_605.png,Down,Up,-0.6185
train,SPY_606.png,Down,Up,-0.2817
train,SPY_608.png,Down,Up,-0.3099
train,SPY_61.png,Down,Up,-0.5839
train,SPY_613.png,Down,Up,-0.0269
train,SPY_617.png,Down,Down,0.3347
train,SPY_62.png,Down,Up,-0.094
train,SPY_623.png,Down,Up,-0.354
train,SPY_63.png,Down,Up,-0.4534
train,SPY_65.png,Down,Down,0.0386
train,SPY_68.png,Down,Up,-0.4711
train,SPY_69.png,Down,Up,-0.5261
train,SPY_70.png,Down,Down,0.2524
train,SPY_71.png,Down,Down,0.1447
train,SPY_73.png,Down,Up,-0.4032
train,SPY_74.png,Down,Down,0.3051
train,SPY_75.png,Down,Up,-0.244
train,SPY_76.png,Down,Down,0.1608
train,SPY_81.png,Down,Up,-0.4874
train,SPY_83.png,Down,Up,-0.4995
train,SPY_84.png,Down,Up,-0.0021
train,SPY_85.png,Down,Down,0.2293
train,SPY_86.png,Down,Down,0.3567
train,SPY_88.png,Down,Up,-0.572
train,SPY_89.png,Down,Up,-0.231
train,SPY_90.png,Down,Down,0.4896
train,SPY_91.png,Down,Up,-0.2253
train,SPY_96.png,Down,Up,-0.4917
train,SPY_98.png,Down,Up,-0.5559
test,QQQ_0.png,Up,Up,-0.4401
test,QQQ_10.png,Up,Up,-0.5875
test,QQQ_101.png,Up,Up,-0.1469
test,QQQ_102.png,Up,Up,-0.2688
test,QQQ_103.png,Up,Up,-0.363
test,QQQ_105.png,Up,Up,-0.523
test,QQQ_106.png,Up,Up,-0.2161
test,QQQ_107.png,Up,Up,-0.5414
test,QQQ_109.png,Up,Down,0.4539
test,QQQ_11.png,Up,Down,0.0082
test,QQQ_110.png,Up,Up,-0.2761
test,QQQ_111.png,Up,Down,0.2571
test,QQQ_114.png,Up,Down,0.5215
test,QQQ_116.png,Up,Up,-0.5298
test,QQQ_119.png,Up,Down,0.6105
test,QQQ_12.png,Up,Down,0.2012
test,QQQ_120.png,Up,Up,-0.5487
test,QQQ_121.png,Up,Up,-0.0351
test,QQQ_124.png,Up,Down,0.1847
test,QQQ_13.png,Up,Up,-0.5663
test,QQQ_15.png,Up,Up,-0.4087
test,QQQ_16.png,Up,Up,-0.0857
test,QQQ_19.png,Up,Up,-0.5805
test,QQQ_2.png,Up,Down,0.5645
test,QQQ_20.png,Up,Down,0.2498
test,QQQ_22.png,Up,Down,0.609
test,QQQ_23.png,Up,Down,0.5641
test,QQQ_24.png,Up,Up,-0.3792
test,QQQ_25.png,Up,Up,-0.5269
test,QQQ_27.png,Up,Up,-0.424
test,QQQ_3.png,Up,Down,0.4863
test,QQQ_30.png,Up,Up,-0.4002
test,QQQ_31.png,Up,Up,-0.5849
test,QQQ_33.png,Up,Up,-0.5574
test,QQQ_35.png,Up,Up,-0.516
test,QQQ_36.png,Up,Down,0.2057
test,QQQ_38.png,Up,Up,-0.5164
test,QQQ_43.png,Up,Up,-0.2712
test,QQQ_45.png,Up,Up,-0.404
test,QQQ_46.png,Up,Up,-0.5144
test,QQQ_5.png,Up,Up,-0.2918
test,QQQ_50.png,Up,Up,-0.668
test,QQQ_52.png,Up,Down,0.5065
test,QQQ_53.png,Up,Up,-0.3627
test,QQQ_54.png,Up,Up,-0.1407
test,QQQ_57.png,Up,Down,0.1248
test,QQQ_58.png,Up,Up,-0.0526
test,QQQ_59.png,Up,Down,0.3111
test,QQQ_6.png,Up,Up,-0.4409
test,QQQ_61.png,Up,Down,0.4016
test,QQQ_64.png,Up,Up,-0.5048
test,QQQ_66.png,Up,Up,-0.0878
test,QQQ_67.png,Up,Up,-0.0764
test,QQQ_7.png,Up,Up,-0.1789
test,QQQ_71.png,Up,Up,-0.2343
test,QQQ_73.png,Up,Down,0.2264
test,QQQ_74.png,Up,Up,-0.5653
test,QQQ_78.png,Up,Down,0.2312
test,QQQ_82.png,Up,Up,-0.0568
test,QQQ_85.png,Up,Down,0.5214
test,QQQ_89.png,Up,Up,-0.3771
test,QQQ_90.png,Up,Down,0.4104
test,QQQ_92.png,Up,Down,0.1022
test,QQQ_95.png,Up,Up,-0.404
test,QQQ_98.png,Up,Up,-0.2142
test,SPY_1.png,Up,Down,0.5323
test,SPY_10.png,Up,Up,-0.1479
test,SPY_100.png,Up,Down,0.3506
test,SPY_101.png,Up,Down,0.4998
test,SPY_103.png,Up,Down,0.054
test,SPY_104.png,Up,Up,-0.4668
test,SPY_105.png,Up,Up,-0.5954
test,SPY_106.png,Up,Down,0.451
test,SPY_107.png,Up,Down,0.2211
test,SPY_108.png,Up,Down,0.2683
test,SPY_109.png,Up,Down,0.1363
test,SPY_11.png,Up,Down,0.4975
test,SPY_110.png,Up,Up,-0.4089
test,SPY_111.png,Up,Down,0.2098
test,SPY_112.png,Up,Down,0.0229
test,SPY_113.png,Up,Down,0.1168
test,SPY_114.png,Up,Up,-0.5995
test,SPY_115.png,Up,Up,-0.5916
test,SPY_116.png,Up,Down,0.5269
test,SPY_117.png,Up,Down,0.1298
test,SPY_119.png,Up,Down,0.3343
test,SPY_12.png,Up,Up,-0.5372
test,SPY_120.png,Up,Up,-0.4242
test,SPY_121.png,Up,Up,-0.1836
test,SPY_122.png,Up,Up,-0.5098
test,SPY_123.png,Up,Down,0.3047
test,SPY_125.png,Up,Up,-0.4623
test,SPY_126.png,Up,Up,-0.2173
test,SPY_127.png,Up,Up,-0.3601
test,SPY_128.png,Up,Down,0.4848
test,SPY_129.png,Up,Up,-0.3082
test,SPY_13.png,Up,Up,-0.2324
test,SPY_130.png,Up,Up,-0.3057
test,SPY_132.png,Up,Up,-0.1907
test,SPY_133.png,Up,Down,0.5994
test,SPY_134.png,Up,Up,-0.4585
test,SPY_135.png,Up,Up,-0.5477
test,SPY_136.png,Up,Up,-0.466
test,SPY_138.png,Up,Up,-0.233
test,SPY_139.png,Up,Down,0.1272
test,SPY_140.png,Up,Down,0.4064
test,SPY_141.png,Up,Up,-0.5115
test,SPY_143.png,Up,Down,0.559
test,SPY_144.png,Up,Up,-0.5332
test,SPY_146.png,Up,Down,0.0276
test,SPY_148.png,Up,Up,-0.3667
test,SPY_15.png,Up,Up,-0.3852
test,SPY_150.png,Up,Down,0.2426
test,SPY_153.png,Up,Up,-0.2355
test,SPY_155.png,Up,Up,-0.382
test,SPY_156.png,Up,Down,0.2317
test,SPY_16.png,Up,Down,0.3742
test,SPY_17.png,Up,Up,-0.3369
test,SPY_19.png,Up,Down,0.1859
test,SPY_2.png,Up,Up,-0.6129
test,SPY_20.png,Up,Up,-0.3874
test,SPY_21.png,Up,Up,-0.4698
test,SPY_22.png,Up,Up,-0.4881
test,SPY_24.png,Up,Up,-0.4655
test,SPY_25.png,Up,Up,-0.5008
test,SPY_26.png,Up,Up,-0.3289
test,SPY_27.png,Up,Up,-0.575
test,SPY_29.png,Up,Down,0.5813
test,SPY_30.png,Up,Up,-0.5674
test,SPY_32.png,Up,Up,-0.2628
test,SPY_33.png,Up,Down,0.3796
test,SPY_35.png,Up,Up,-0.4614
test,SPY_36.png,Up,Up,-0.3704
test,SPY_38.png,Up,Up,-0.4371
test,SPY_39.png,Up,Up,-0.4218
test,SPY_40.png,Up,Up,-0.4976
test,SPY_42.png,Up,Down,0.3781
test,SPY_43.png,Up,Down,0.3636
test,SPY_44.png,Up,Down,0.5512
test,SPY_45.png,Up,Up,-0.6068
test,SPY_46.png,Up,Up,-0.5363
test,SPY_47.png,Up,Up,-0.0917
test,SPY_48.png,Up,Up,-0.6588
test,SPY_49.png,Up,Up,-0.1813
test,SPY_5.png,Up,Down,0.0032
test,SPY_50.png,Up,Up,-0.6031
test,SPY_51.png,Up,Down,0.3229
test,SPY_52.png,Up,Up,-0.4879
test,SPY_53.png,Up,Down,0.4703
test,SPY_54.png,Up,Down,0.5653
test,SPY_55.png,Up,Up,-0.3882
test,SPY_56.png,Up,Up,-0.5824
test,SPY_57.png,Up,Up,-0.3538
test,SPY_58.png,Up,Up,-0.2832
test,SPY_59.png,Up,Up,-0.4527
test,SPY_60.png,Up,Up,-0.1261
test,SPY_62.png,Up,Up,-0.2867
test,SPY_63.png,Up,Up,-0.2176
test,SPY_64.png,Up,Up,-0.6269
test,SPY_65.png,Up,Up,-0.3155
test,SPY_66.png,Up,Down,0.0914
test,SPY_67.png,Up,Down,0.3382
test,SPY_69.png,Up,Up,-0.1038
test,SPY_7.png,Up,Down,0.2136
test,SPY_70.png,Up,Down,0.5095
test,SPY_71.png,Up,Up,-0.4172
test,SPY_72.png,Up,Up,-0.5122
test,SPY_74.png,Up,Up,-0.1532
test,SPY_75.png,Up,Up,-0.3381
test,SPY_76.png,Up,Down,0.3346
test,SPY_77.png,Up,Up,-0.4738
test,SPY_78.png,Up,Down,0.2427
test,SPY_79.png,Up,Up,-0.4759
test,SPY_8.png,Up,Up,-0.4122
test,SPY_80.png,Up,Up,-0.0249
test,SPY_81.png,Up,Up,-0.5267
test,SPY_82.png,Up,Up,-0.2009
test,SPY_83.png,Up,Down,0.1728
test,SPY_84.png,Up,Up,-0.2241
test,SPY_85.png,Up,Up,-0.2883
test,SPY_86.png,Up,Up,-0.5536
test,SPY_87.png,Up,Up,-0.5199
test,SPY_88.png,Up,Up,-0.2477
test,SPY_9.png,Up,Up,-0.011
test,SPY_90.png,Up,Down,0.1773
test,SPY_91.png,Up,Up,-0.4697
test,SPY_92.png,Up,Down,0.3804
test,SPY_93.png,Up,Down,0.3015
test,SPY_94.png,Up,Up,-0.4173
test,SPY_95.png,Up,Up,-0.508
test,SPY_96.png,Up,Up,-0.2626
test,SPY_97.png,Up,Down,0.3489
test,SPY_98.png,Up,Down,0.3101
test,SPY_99.png,Up,Up,-0.3742
test,QQQ_1.png,Down,Up,-0.4478
test,QQQ_100.png,Down,Up,-0.4939
test,QQQ_104.png,Down,Up,-0.5572
test,QQQ_108.png,Down,Up,-0.0806
test,QQQ_112.png,Down,Down,0.6009
test,QQQ_113.png,Down,Up,-0.4668
test,QQQ_115.png,Down,Up,-0.7112
test,QQQ_117.png,Down,Down,0.1574
test,QQQ_118.png,Down,Up,-0.5423
test,QQQ_122.png,Down,Down,0.231
test,QQQ_123.png,Down,Up,-0.2641
test,QQQ_125.png,Down,Down,0.312
test,QQQ_14.png,Down,Up,-0.5528
test,QQQ_17.png,Down,Up,-0.5925
test,QQQ_18.png,Down,Up,-0.4346
test,QQQ_21.png,Down,Up,-0.5217
test,QQQ_26.png,Down,Up,-0.15
test,QQQ_28.png,Down,Up,-0.4578
test,QQQ_29.png,Down,Up,-0.5278
test,QQQ_32.png,Down,Up,-0.1052
test,QQQ_34.png,Down,Up,-0.372
test,QQQ_37.png,Down,Up,-0.4447
test,QQQ_39.png,Down,Down,0.4216
test,QQQ_4.png,Down,Up,-0.558
test,QQQ_40.png,Down,Up,-0.3302
test,QQQ_41.png,Down,Up,-0.442
test,QQQ_42.png,Down,Down,0.0769
test,QQQ_44.png,Down,Up,-0.1776
test,QQQ_47.png,Down,Down,0.5946
test,QQQ_48.png,Down,Down,0.12
test,QQQ_49.png,Down,Down,0.2569
test,QQQ_51.png,Down,Down,0.1392
test,QQQ_55.png,Down,Up,-0.3964
test,QQQ_56.png,Down,Up,-0.5839
test,QQQ_60.png,Down,Up,-0.5151
test,QQQ_62.png,Down,Down,0.3804
test,QQQ_63.png,Down,Up,-0.2419
test,QQQ_65.png,Down,Up,-0.3262
test,QQQ_68.png,Down,Up,-0.1211
test,QQQ_69.png,Down,Down,0.5342
test,QQQ_70.png,Down,Down,0.5371
test,QQQ_72.png,Down,Down,0.4649
test,QQQ_75.png,Down,Up,-0.0155
test,QQQ_76.png,Down,Down,0.3093
test,QQQ_77.png,Down,Down,0.2156
test,QQQ_79.png,Down,Up,-0.5124
test,QQQ_8.png,Down,Down,0.483
test,QQQ_80.png,Down,Down,0.7035
test,QQQ_81.png,Down,Down,0.0336
test,QQQ_83.png,Down,Up,-0.3888
test,QQQ_84.png,Down,Up,-0.4623
test,QQQ_86.png,Down,Up,-0.0598
test,QQQ_87.png,Down,Down,0.5315
test,QQQ_88.png,Down,Down,0.298
test,QQQ_9.png,Down,Up,-0.2354
test,QQQ_91.png,Down,Up,-0.0669
test,QQQ_93.png,Down,Down,0.4252
test,QQQ_94.png,Down,Up,-0.1436
test,QQQ_96.png,Down,Up,-0.4603
test,QQQ_97.png,Down,Down,0.3704
test,QQQ_99.png,Down,Up,-0.4664
test,SPY_0.png,Down,Up,-0.5526
test,SPY_102.png,Down,Up,-0.2013
test,SPY_103.png,Down,Down,0.3562
test,SPY_104.png,Down,Down,0.3912
test,SPY_105.png,Down,Up,-0.5244
test,SPY_107.png,Down,Up,-0.187
test,SPY_108.png,Down,Down,0.6074
test,SPY_109.png,Down,Down,0.0648
test,SPY_11.png,Down,Down,0.2375
test,SPY_110.png,Down,Up,-0.4453
test,SPY_111.png,Down,Down,0.5358
test,SPY_113.png,Down,Up,-0.2821
test,SPY_114.png,Down,Down,0.4118
test,SPY_115.png,Down,Up,-0.1168
test,SPY_118.png,Down,Down,0.5716
test,SPY_122.png,Down,Up,-0.2121
test,SPY_124.png,Down,Down,0.436
test,SPY_125.png,Down,Up,-0.111
test,SPY_128.png,Down,Up,-0.476
test,SPY_129.png,Down,Down,0.1046
test,SPY_131.png,Down,Up,-0.5119
test,SPY_132.png,Down,Down,0.222
test,SPY_133.png,Down,Up,-0.1217
test,SPY_134.png,Down,Up,-0.1368
test,SPY_135.png,Down,Down,0.554
test,SPY_136.png,Down,Up,-0.6152
test,SPY_137.png,Down,Up,-0.5504
test,SPY_138.png,Down,Up,-0.6394
test,SPY_139.png,Down,Up,-0.6003
test,SPY_14.png,Down,Up,-0.2137
test,SPY_140.png,Down,Down,0.3965
test,SPY_142.png,Down,Down,0.2054
test,SPY_143.png,Down,Up,-0.1618
test,SPY_145.png,Down,Down,0.5709
test,SPY_146.png,Down,Up,-0.6105
test,SPY_147.png,Down,Up,-0.4856
test,SPY_149.png,Down,Up,-0.3845
test,SPY_15.png,Down,Up,-0.4721
test,SPY_151.png,Down,Up,-0.515
test,SPY_152.png,Down,Up,-0.4691
test,SPY_154.png,Down,Up,-0.3844
test,SPY_17.png,Down,Up,-0.1123
test,SPY_18.png,Down,Down,0.3181
test,SPY_2.png,Down,Up,-0.3586
test,SPY_21.png,Down,Down,0.5333
test,SPY_22.png,Down,Up,-0.2073
test,SPY_23.png,Down,Down,0.5331
test,SPY_26.png,Down,Up,-0.6441
test,SPY_27.png,Down,Up,-0.5091
test,SPY_28.png,Down,Down,0.1571
test,SPY_29.png,Down,Up,-0.4162
test,SPY_3.png,Down,Down,0.1689
test,SPY_30.png,Down,Up,-0.1832
test,SPY_31.png,Down,Up,-0.4324
test,SPY_33.png,Down,Down,0.2892
test,SPY_34.png,Down,Down,0.564
test,SPY_35.png,Down,Up,-0.5635
test,SPY_36.png,Down,Up,-0.0303
test,SPY_37.png,Down,Up,-0.4771
test,SPY_38.png,Down,Up,-0.4525
test,SPY_39.png,Down,Down,0.2403
test,SPY_4.png,Down,Down,0.4813
test,SPY_40.png,Down,Up,-0.1485
test,SPY_41.png,Down,Up,-0.5098
test,SPY_44.png,Down,Up,-0.4236
test,SPY_47.png,Down,Down,0.0282
test,SPY_48.png,Down,Up,-0.0415
test,SPY_51.png,Down,Up,-0.0093
test,SPY_53.png,Down,Up,-0.476
test,SPY_54.png,Down,Up,-0.4809
test,SPY_58.png,Down,Up,-0.0515
test,SPY_59.png,Down,Up,-0.5099
test,SPY_6.png,Down,Up,-0.4674
test,SPY_61.png,Down,Down,0.1677
test,SPY_62.png,Down,Up,-0.3766
test,SPY_63.png,Down,Up,-0.1722
test,SPY_65.png,Down,Up,-0.3666
test,SPY_68.png,Down,Up,-0.4387
test,SPY_69.png,Down,Up,-0.1716
test,SPY_70.png,Down,Down,0.3669
test,SPY_71.png,Down,Up,-0.6065
test,SPY_73.png,Down,Up,-0.0196
test,SPY_74.png,Down,Down,0.0418
test,SPY_75.png,Down,Up,-0.304
test,SPY_76.png,Down,Down,0.3214
test,SPY_81.png,Down,Up,-0.5835
test,SPY_83.png,Down,Down,0.2254
test,SPY_84.png,Down,Up,-0.3723
test,SPY_85.png,Down,Up,-0.519
test,SPY_86.png,Down,Down,0.1419
test,SPY_88.png,Down,Down,0.0589
test,SPY_89.png,Down,Up,-0.171
test,SPY_90.png,Down,Down,0.3825
test,SPY_91.png,Down,Down,0.4322
test,SPY_96.png,Down,Up,-0.2298
test,SPY_98.png,Down,Up,-0.4657
